{
  "cesVersion": "2.12.1",
  "projectName": "my-expo-app",
  "packages": [
    {
      "name": "react-navigation",
      "type": "navigation",
      "options": {
        "type": "stack"
      }
    },
    {
      "name": "stylesheet",
      "type": "styling"
    }
  ],
  "flags": {
    "noGit": false,
    "noInstall": false,
    "overwrite": false,
    "importAlias": true,
    "packageManager": "npm",
    "eas": false
  },
  "packageManager": {
    "type": "npm",
    "version": "10.9.0"
  },
  "os": {
    "type": "Darwin",
    "platform": "darwin",
    "arch": "arm64",
    "kernelVersion": "24.2.0"
  }
}
